389,mcafee.com
390,pixabay.com
391,indeed.com
392,stanford.edu
393,azureedge.net
394,foxnews.com
395,uber.com
396,ibyteimg.com
397,t-mobile.com
398,rambler.ru
399,list-manage.com
400,independent.co.uk
401,ok.ru
402,myhuaweicloud.com
403,unsplash.com
404,gcdn.co
405,cornell.edu
406,consultant.ru
407,nvidia.com
408,cmediahub.ru
409,indexww.com
410,bilibili.com
411,xhamster.com
412,salesforceliveagent.com
413,nasa.gov
414,wyzecam.com
415,scdn.co
416,life360.com
417,aliyun.com
418,npr.org
419,wbx2.com
420,google.co.uk
421,duckduckgo.com
422,verisign.com
423,sfx.ms
424,spotifycdn.com
425,walmart.com
426,hichina.com
427,notamedia.ru
428,globo.com
429,nstld.com
430,dell.com
431,quora.com
432,dnsmadeeasy.com
433,eventbrite.com
434,ngenix.net
435,telegram.org
436,online-metrix.net
437,duolingo.com
438,ttlivecdn.com
439,aliexpress.com
440,sohu.com
441,dns-parking.com
442,entrust.net
443,amazon.de
444,360yield.com
445,telegram.me
446,teamviewer.com
447,goodreads.com
448,dnspod.net
449,vkuser.net
450,tiktokv.eu
451,taobao.com
452,mikrotik.com
453,mediatek.com
454,beian.gov.cn
455,statista.com
456,avast.com
457,elasticbeanstalk.com
458,calendly.com
459,tp-link.com
460,cdn20.com
461,plesk.com
462,comcast.com
463,giphy.com
464,behance.net
465,addtoany.com
466,speedtest.net
467,force.com
468,steamcommunity.com
469,g.page
470,kwai.net
471,erome.com
472,mega.co.nz
473,usatoday.com
474,ailawandorder.com
475,autodesk.com
476,hicloud.com
477,wired.com
478,google.com.br
479,time.com
480,gitlab.com
481,yandex.com
482,amzn.to
483,bytefcdn-ttpeu.com
484,eset.com
485,netease.com
486,telegraph.co.uk
487,scribd.com
488,xiaomi.net
489,indiatimes.com
490,stackoverflow.com
491,blogger.com
492,adobe.net
493,mysql.com
494,wb.ru
495,timeweb.ru
496,ft.com
497,shein.com
498,rlcdn.com
499,cookiedatabase.org
500,mynetname.net
